data_date,portfolio_value,unrealized_return
2026-01-17 02:25:21.169788+00:00,5200.93,394.7
2026-01-17 02:42:23.030084+00:00,5200.93,394.7
2026-01-17 03:12:23.501585+00:00,5200.93,394.7
2026-01-17 03:42:23.650860+00:00,5200.93,394.7
2026-01-17 04:12:23.851493+00:00,5200.93,394.7
2026-01-17 04:42:24.531572+00:00,5200.93,394.7
2026-01-17 05:12:25.792398+00:00,5200.93,394.7
2026-01-17 06:12:23.942780+00:00,5200.93,394.7
2026-01-17 07:12:23.239766+00:00,5200.93,394.7
2026-01-17 07:42:23.610678+00:00,5200.93,394.7
2026-01-17 08:12:24.061456+00:00,5200.93,394.7
2026-01-17 08:42:23.403569+00:00,5200.93,394.7
2026-01-17 09:12:23.576841+00:00,5200.93,394.7
2026-01-17 09:42:23.327759+00:00,5200.93,394.7
2026-01-17 11:35:56.629781+00:00,5200.93,394.7
2026-01-17 11:38:33.609932+00:00,5200.93,394.7
2026-01-17 11:50:28.306151+00:00,5200.93,394.7
2026-01-17 11:59:45.902442+00:00,5200.93,394.7
2026-01-17 12:14:45.920818+00:00,5200.93,394.7
2026-01-17 12:29:45.646320+00:00,5200.93,394.7
2026-01-17 12:44:45.765452+00:00,5200.93,394.7
2026-01-17 12:59:46.135144+00:00,5200.93,394.7
2026-01-17 13:14:46.450297+00:00,5200.93,394.7
2026-01-17 13:29:45.641253+00:00,5200.93,394.7
2026-01-17 13:44:46.033667+00:00,5200.93,394.7
2026-01-17 13:59:45.829719+00:00,5200.93,394.7
2026-01-17 14:14:49.741634+00:00,5200.93,394.7
2026-01-17 14:29:46.433693+00:00,5200.93,394.7
2026-01-17 14:44:49.193709+00:00,5200.93,394.7
2026-01-17 14:59:47.863535+00:00,5200.93,394.7
2026-01-17 15:14:46.506866+00:00,5200.93,394.7
2026-01-17 15:29:46.004055+00:00,5200.93,394.7
2026-01-17 15:44:45.712696+00:00,5200.93,394.7
2026-01-17 15:59:45.811284+00:00,5200.93,394.7
2026-01-17 16:14:46.378977+00:00,5200.93,394.7
2026-01-17 16:29:46.616153+00:00,5200.93,394.7
2026-01-17 16:44:45.849717+00:00,5200.93,394.7
2026-01-17 16:59:45.633883+00:00,5200.93,394.7
2026-01-17 17:29:45.805101+00:00,5200.93,394.7
2026-01-17 20:21:44.188148+00:00,5200.93,394.7
2026-01-17 20:31:36.688133+00:00,5200.93,394.7
2026-01-17 23:58:38.220107+00:00,5200.93,394.7
2026-01-19 00:00:41.131503+00:00,5199.59,393.36
2026-01-19 00:29:34.232450+00:00,5198.49,392.26
2026-01-19 00:59:33.840645+00:00,5196.48,390.25
2026-01-19 01:29:33.805615+00:00,5198.0,391.77
2026-01-19 01:59:33.917219+00:00,5197.71,391.48
2026-01-19 02:29:34.202603+00:00,5197.26,391.03
2026-01-19 02:59:33.946804+00:00,5198.23,392.0
2026-01-19 03:29:34.446217+00:00,5197.28,391.05
2026-01-19 03:59:33.971102+00:00,5196.34,390.11
2026-01-19 04:29:33.632626+00:00,5195.37,389.14
2026-01-19 04:59:33.933542+00:00,5194.99,388.76
2026-01-19 05:29:33.696982+00:00,5195.7,389.47
2026-01-19 05:59:33.769708+00:00,5196.68,390.45
2026-01-19 06:29:33.851892+00:00,5196.24,390.01
2026-01-19 06:59:34.163870+00:00,5197.27,391.04
2026-01-19 07:29:33.667311+00:00,5195.44,389.21
2026-01-19 07:59:33.714181+00:00,5196.19,389.96
2026-01-19 08:29:33.926057+00:00,5168.7,362.47
2026-01-19 08:59:33.873635+00:00,5166.79,360.56
2026-01-19 09:37:43.364896+00:00,5155.43,349.2
2026-01-19 10:23:08.370454+00:00,5153.09,346.86
2026-01-19 10:38:43.919088+00:00,5152.37,346.14
2026-01-19 11:13:01.145215+00:00,5148.66,342.43
2026-01-19 11:56:09.099289+00:00,5149.68,343.45
2026-01-19 11:59:33.959527+00:00,5149.72,343.49
2026-01-19 12:31:18.560853+00:00,5150.96,344.73
2026-01-19 12:59:33.673189+00:00,5156.29,350.06
2026-01-19 13:37:41.151574+00:00,5155.9,349.67
2026-01-19 13:59:34.347773+00:00,5155.74,349.51
2026-01-19 14:56:16.387750+00:00,5148.66,342.43
2026-01-19 15:04:49.104663+00:00,5152.0,345.77
2026-01-19 15:40:18.452973+00:00,5152.71,346.48
2026-01-19 16:05:40.275378+00:00,5152.91,346.68
2026-01-19 16:54:04.130113+00:00,5150.29,344.06
2026-01-19 17:26:54.575585+00:00,5151.04,344.81
2026-01-19 17:42:50.059376+00:00,5150.51,344.28
2026-01-19 18:13:19.701284+00:00,5149.44,343.21
2026-01-19 19:10:03.418018+00:00,5149.64,343.41
2026-01-19 19:29:34.219079+00:00,5149.31,343.08
2026-01-19 20:08:45.043006+00:00,5150.08,343.85
2026-01-19 20:40:11.106520+00:00,5149.99,343.76
2026-01-19 21:12:25.744499+00:00,5149.53,343.3
2026-01-19 21:56:37.804955+00:00,5149.05,342.82
2026-01-19 22:12:45.734831+00:00,5147.67,341.44
2026-01-19 22:29:35.855228+00:00,5148.0,341.77
2026-01-19 22:59:34.235487+00:00,5147.76,341.53
2026-01-19 23:29:34.224220+00:00,5149.46,343.23
2026-01-20 01:00:16.166636+00:00,5146.93,340.7
2026-01-20 01:47:31.930330+00:00,5146.17,339.94
2026-01-20 02:22:37.962367+00:00,5146.06,339.83
2026-01-20 02:39:25.647842+00:00,5145.95,339.72
2026-01-20 03:47:36.719753+00:00,5144.34,338.11
2026-01-20 04:23:35.845641+00:00,5144.27,338.04
2026-01-20 04:54:52.759434+00:00,5142.71,336.48
2026-01-20 05:24:41.847154+00:00,5142.69,336.46
2026-01-20 06:42:21.563259+00:00,5139.38,333.15
2026-01-20 07:26:44.676310+00:00,5138.03,331.8
2026-01-20 07:30:51.561619+00:00,5138.41,332.18
2026-01-20 08:13:47.096973+00:00,5107.35,301.12
2026-01-20 08:29:33.707640+00:00,5102.26,296.03
2026-01-20 09:03:53.313098+00:00,5086.52,280.29
2026-01-20 10:00:33.054092+00:00,5067.07,260.84
2026-01-20 10:17:54.887355+00:00,5075.08,268.85
2026-01-20 11:09:43.163169+00:00,5077.19,270.96
2026-01-20 11:09:56.746547+00:00,5076.99,270.76
2026-01-20 11:39:20.588152+00:00,5076.48,270.25
2026-01-20 12:22:54.464667+00:00,5078.09,271.86
2026-01-20 12:30:05.104171+00:00,5076.77,270.54
2026-01-20 12:59:33.994132+00:00,5087.26,281.03
2026-01-20 13:29:34.197236+00:00,5087.87,281.64
2026-01-20 13:59:34.369574+00:00,5076.3,270.07
2026-01-20 14:29:34.012474+00:00,5081.06,274.83
2026-01-20 14:59:33.968693+00:00,5101.66,295.43
2026-01-20 15:29:33.811413+00:00,5103.28,297.05
2026-01-20 15:59:34.039271+00:00,5105.25,299.02
2026-01-20 16:29:34.131280+00:00,5108.98,302.75
2026-01-20 16:59:34.230772+00:00,5111.33,305.1
2026-01-20 17:29:34.081559+00:00,5110.38,304.15
2026-01-20 17:59:34.378434+00:00,5109.25,303.02
2026-01-20 18:29:33.789419+00:00,5108.83,302.6
2026-01-20 18:59:34.273221+00:00,5107.21,300.98
2026-01-20 19:29:34.107268+00:00,5107.1,300.87
2026-01-20 19:59:34.392342+00:00,5108.46,302.23
2026-01-20 20:29:34.298465+00:00,5107.03,300.8
2026-01-20 20:59:33.880878+00:00,5106.93,300.7
2026-01-20 21:29:34.313894+00:00,5107.08,300.85
2026-01-20 21:59:34.389729+00:00,5106.51,300.28
2026-01-20 22:29:34.388161+00:00,5105.33,299.1
2026-01-20 22:59:33.698455+00:00,5107.22,300.99
2026-01-20 23:29:33.946864+00:00,5107.14,300.91
2026-01-20 23:59:34.602066+00:00,5105.44,299.21
2026-01-21 02:04:09.609274+00:00,5108.7,302.47
2026-01-21 02:37:33.364547+00:00,5107.08,300.85
2026-01-21 03:05:13.476429+00:00,5107.51,301.28
2026-01-21 03:52:59.497961+00:00,5109.79,303.56
2026-01-21 08:31:09.383933+00:00,5108.37,302.14
2026-01-21 08:59:33.830866+00:00,5105.56,299.33
2026-01-21 09:29:33.824683+00:00,5103.56,297.33
2026-01-21 09:59:34.050215+00:00,5096.93,290.7
2026-01-21 10:29:34.317211+00:00,5100.18,293.95
2026-01-21 10:59:34.373457+00:00,5098.84,292.61
2026-01-21 11:29:34.177797+00:00,5095.95,289.72
2026-01-21 11:59:33.928744+00:00,5082.58,276.35
2026-01-21 12:29:34.047313+00:00,5081.83,275.6
2026-01-21 12:59:34.460162+00:00,5078.03,271.8
2026-01-21 13:29:34.129245+00:00,5077.3,271.07
2026-01-21 13:59:34.311780+00:00,5080.56,274.33
2026-01-21 14:29:33.883792+00:00,5101.6,295.37
2026-01-21 14:59:34.341654+00:00,5116.71,310.48
2026-01-21 15:29:34.522953+00:00,5124.28,318.05
2026-01-21 15:59:34.235909+00:00,5140.05,333.82
2026-01-21 16:29:33.807735+00:00,5139.35,333.12
2026-01-21 16:59:33.721292+00:00,5130.38,324.15
2026-01-21 17:29:34.615893+00:00,5130.45,324.22
2026-01-21 17:59:33.927709+00:00,5130.91,324.68
2026-01-21 18:29:37.553770+00:00,5131.22,324.99
2026-01-21 18:59:33.989686+00:00,5131.75,325.52
2026-01-21 19:29:34.673225+00:00,5137.23,331.0
2026-01-21 19:59:35.549226+00:00,5138.36,332.13
2026-01-21 20:29:35.039224+00:00,5138.31,332.08
2026-01-21 20:59:35.115910+00:00,5137.98,331.75
2026-01-21 21:29:35.509893+00:00,5139.32,333.09
2026-01-21 21:59:36.894521+00:00,5138.98,332.75
2026-01-21 22:29:34.078620+00:00,5139.7,333.47
2026-01-21 22:59:33.732851+00:00,5139.3,333.07
2026-01-21 23:29:33.845420+00:00,5141.84,335.61
2026-01-21 23:59:33.761914+00:00,5142.01,335.78
2026-01-22 00:29:34.065295+00:00,5140.16,333.93
2026-01-22 00:59:34.750048+00:00,5139.48,333.25
2026-01-22 01:29:34.713357+00:00,5140.56,334.33
2026-01-22 01:59:34.507105+00:00,5139.62,333.39
2026-01-22 02:43:15.331229+00:00,5139.81,333.58
2026-01-22 02:59:34.565066+00:00,5139.61,333.38
2026-01-22 03:29:33.864804+00:00,5139.95,333.72
2026-01-22 03:59:34.497360+00:00,5139.92,333.69
2026-01-22 04:29:33.712963+00:00,5138.86,332.63
2026-01-22 04:59:34.173700+00:00,5138.93,332.7
2026-01-22 05:29:33.784719+00:00,5138.8,332.57
2026-01-22 05:59:33.816270+00:00,5138.91,332.68
2026-01-22 06:29:33.938343+00:00,5136.92,330.69
2026-01-22 06:59:34.073346+00:00,5138.09,331.86
2026-01-22 07:29:34.597762+00:00,5138.82,332.59
2026-01-22 07:59:34.359045+00:00,5139.42,333.19
2026-01-22 08:29:33.798470+00:00,5177.04,370.81
2026-01-22 08:59:33.855634+00:00,5182.96,376.73
2026-01-22 09:29:34.323196+00:00,5186.77,380.54
2026-01-22 09:59:33.861668+00:00,5188.39,382.16
2026-01-22 10:29:34.804945+00:00,5186.05,379.82
2026-01-22 10:59:34.334530+00:00,5183.85,377.62
2026-01-22 11:29:33.863322+00:00,5180.16,373.93
2026-01-22 11:59:34.072304+00:00,5173.66,367.43
2026-01-22 12:29:34.155744+00:00,5174.8,368.57
2026-01-22 12:59:34.212535+00:00,5175.04,368.81
2026-01-22 13:29:34.688623+00:00,5170.44,364.21
2026-01-22 13:59:34.973739+00:00,5178.58,372.35
2026-01-22 14:29:34.052490+00:00,5179.93,373.7
2026-01-22 14:59:34.432840+00:00,5169.31,363.08
2026-01-22 15:29:34.274716+00:00,5170.82,364.59
2026-01-22 15:59:34.149139+00:00,5175.77,369.54
2026-01-22 16:29:34.032124+00:00,5178.32,372.09
2026-01-22 16:59:33.720788+00:00,5175.9,369.67
2026-01-22 17:29:34.539386+00:00,5175.27,369.04
2026-01-22 18:22:47.925961+00:00,5175.82,369.59
2026-01-22 18:48:35.985915+00:00,5175.15,368.92
2026-01-22 18:59:34.290286+00:00,5175.23,369.0
2026-01-22 19:29:34.277526+00:00,5175.01,368.78
2026-01-22 19:59:33.848341+00:00,5174.5,368.27
2026-01-22 20:29:33.992921+00:00,5174.32,368.09
2026-01-22 21:09:59.532916+00:00,5175.39,369.16
2026-01-22 21:29:34.736917+00:00,5173.93,367.7
2026-01-22 21:59:34.094303+00:00,5173.15,366.92
2026-01-22 22:29:33.696242+00:00,5171.27,365.04
2026-01-23 02:13:09.064758+00:00,5174.77,368.54
2026-01-23 03:19:56.448833+00:00,5174.99,368.76
2026-01-23 03:24:26.896461+00:00,5174.86,368.63
2026-01-23 03:40:25.483851+00:00,5175.03,368.8
2026-01-23 05:40:38.393606+00:00,5174.41,368.18
2026-01-23 06:11:42.402038+00:00,5175.04,368.81
2026-01-23 07:03:39.796649+00:00,5176.2,369.97
2026-01-23 07:18:22.489993+00:00,5176.02,369.79
2026-01-23 08:51:32.111672+00:00,5169.92,363.69
2026-01-23 08:51:40.121574+00:00,5169.8,363.57
2026-01-23 08:59:34.242522+00:00,5169.19,362.96
2026-01-23 09:29:34.455746+00:00,5170.49,364.26
2026-01-23 09:59:34.050162+00:00,5166.65,360.42
2026-01-23 11:00:06.941631+00:00,5166.58,360.35
2026-01-23 11:29:34.758269+00:00,5176.42,370.19
2026-01-23 11:59:34.327910+00:00,5173.08,366.85
2026-01-23 12:29:34.575268+00:00,5172.72,366.49
2026-01-23 12:59:34.583163+00:00,5174.07,367.84
2026-01-23 13:29:34.517438+00:00,5167.99,361.76
2026-01-23 13:59:34.085738+00:00,5168.37,362.14
2026-01-23 14:29:34.324495+00:00,5169.5,363.27
2026-01-23 14:59:34.177347+00:00,5166.63,360.25
2026-01-23 15:29:33.915733+00:00,5174.41,368.03
2026-01-23 15:59:33.847333+00:00,5175.44,369.06
2026-01-23 16:29:34.417948+00:00,5171.42,365.04
2026-01-23 18:59:29.613561+00:00,5164.62,358.24
2026-01-23 19:59:29.725746+00:00,5162.51,356.13
2026-01-24 19:38:35.998870+00:00,5156.57,350.19
2026-01-24 19:40:22.511581+00:00,5156.57,350.19
2026-01-24 19:59:59.611165+00:00,5156.57,350.19
2026-01-24 20:29:50.974199+00:00,5156.57,350.19
2026-01-26 11:51:06.248132+00:00,5142.22,335.84
2026-01-26 12:12:11.976588+00:00,5148.89,342.51
2026-01-26 12:42:13.535922+00:00,5150.09,343.71
2026-01-26 13:12:09.708790+00:00,5153.3,346.92
2026-01-26 13:42:10.890474+00:00,5146.99,340.61
2026-01-26 14:12:14.623750+00:00,5152.98,346.6
2026-01-26 14:42:12.700329+00:00,5160.02,353.64
2026-01-26 15:12:09.825023+00:00,5166.39,360.01
2026-01-26 15:42:10.360695+00:00,5156.77,350.39
2026-01-26 16:12:13.473568+00:00,5159.45,353.07
2026-01-26 16:42:09.805902+00:00,5162.51,356.13
2026-01-26 17:12:20.023058+00:00,5161.66,355.28
2026-01-26 18:05:57.059905+00:00,5161.21,354.83
2026-01-26 18:31:44.535820+00:00,5162.12,355.74
2026-01-26 18:42:19.019989+00:00,5161.73,355.35
2026-01-26 19:12:28.888594+00:00,5161.86,355.48
2026-01-26 20:38:32.597994+00:00,5159.17,352.79
2026-01-26 20:41:33.282262+00:00,5158.96,352.58
2026-01-26 20:43:43.554641+00:00,5158.98,352.6
2026-01-26 20:44:13.777388+00:00,5159.09,352.71
2026-01-26 20:44:43.990927+00:00,5159.12,352.74
2026-01-26 20:46:56.779682+00:00,5158.89,352.51
2026-01-26 20:47:19.664062+00:00,5158.64,352.26
2026-01-26 20:47:26.991550+00:00,5158.66,352.28
2026-01-26 20:47:49.900441+00:00,5158.52,352.14
2026-01-26 20:47:57.210852+00:00,5158.52,352.14
2026-01-26 20:48:20.120897+00:00,5158.54,352.16
2026-01-26 20:51:30.723820+00:00,5157.93,351.55
2026-01-26 20:52:00.935171+00:00,5158.09,351.71
2026-01-26 20:52:31.167813+00:00,5158.1,351.72
2026-01-26 23:35:29.435820+00:00,5157.18,350.8
2026-01-26 23:36:17.828806+00:00,5157.21,350.83
2026-01-26 23:36:46.180158+00:00,5157.21,350.83
2026-01-27 00:01:29.345881+00:00,5157.01,350.63
2026-01-27 00:31:30.727512+00:00,5155.14,348.76
2026-01-27 01:01:31.324689+00:00,5156.0,349.62
2026-01-27 01:31:28.981621+00:00,5156.73,350.35
2026-01-27 02:01:27.533194+00:00,5157.0,350.62
2026-01-27 02:31:29.519460+00:00,5156.45,350.07
2026-01-27 03:01:27.845450+00:00,5155.92,349.54
2026-01-27 03:31:30.603136+00:00,5158.28,351.9
2026-01-27 04:01:30.942915+00:00,5157.35,350.97
2026-01-27 07:26:38.483527+00:00,5160.47,354.09
2026-01-27 08:01:36.061249+00:00,5180.98,374.6
2026-01-27 08:12:08.129443+00:00,5184.94,378.56
2026-01-27 08:31:30.766833+00:00,5182.31,375.93
2026-01-27 09:01:38.018446+00:00,5182.11,375.73
2026-01-27 09:31:30.585333+00:00,5182.83,376.45
2026-01-27 10:01:32.228750+00:00,5179.0,372.62
2026-01-27 10:31:27.706641+00:00,5182.58,376.2
2026-01-27 11:01:36.081147+00:00,5180.82,374.44
2026-01-27 11:31:32.845579+00:00,5183.38,377.0
2026-01-27 12:01:27.375796+00:00,5179.39,373.01
2026-01-27 12:31:29.945899+00:00,5169.04,362.66
2026-01-27 13:01:26.987492+00:00,5165.48,359.1
2026-01-27 13:31:28.973989+00:00,5168.49,362.11
2026-01-27 14:01:27.880038+00:00,5168.33,361.95
2026-01-27 14:31:27.406477+00:00,5157.81,351.43
2026-01-27 15:01:30.472227+00:00,5153.24,346.86
2026-01-27 15:31:27.894117+00:00,5147.74,341.36
2026-01-27 16:01:27.614673+00:00,5159.03,352.65
2026-01-27 16:31:26.923706+00:00,5156.48,350.1
2026-01-27 17:01:31.897199+00:00,5152.55,346.17
2026-01-27 17:31:27.522479+00:00,5155.09,348.71
2026-01-27 18:01:29.145351+00:00,5152.53,346.15
2026-01-27 18:31:27.350164+00:00,5152.69,346.31
2026-01-27 19:01:45.472269+00:00,5152.28,345.9
2026-01-27 19:31:34.660279+00:00,5154.09,347.71
2026-01-27 20:01:40.041516+00:00,5153.68,347.3
2026-01-27 20:31:40.126805+00:00,5152.01,345.63
2026-01-27 21:01:35.898556+00:00,5146.78,340.4
2026-01-27 22:01:41.191023+00:00,5139.48,333.1
2026-01-27 22:31:26.924829+00:00,5143.51,337.13
2026-01-27 23:01:29.892718+00:00,5144.62,338.24
2026-01-27 23:31:35.438619+00:00,5147.24,340.86
2026-01-28 00:01:43.529521+00:00,5148.99,342.61
2026-01-28 01:01:37.140823+00:00,5149.47,343.09
2026-01-28 01:31:32.749714+00:00,5152.53,346.15
2026-01-28 02:01:55.584332+00:00,5151.87,345.49
2026-01-28 02:35:24.574252+00:00,5151.98,345.6
2026-01-28 03:09:10.246431+00:00,5151.69,345.31
2026-01-28 05:52:12.873386+00:00,5152.89,346.51
2026-01-28 06:19:54.051574+00:00,5152.98,346.6
2026-01-28 08:22:00.648232+00:00,5188.75,382.37
2026-01-28 08:34:32.747126+00:00,5192.75,386.37
2026-01-28 09:01:40.561595+00:00,5188.45,382.07
2026-01-28 09:31:30.283252+00:00,5183.3,376.92
2026-01-28 10:01:39.108088+00:00,5184.79,378.41
2026-01-28 10:31:28.245164+00:00,5205.18,383.8
2026-01-28 11:01:33.518776+00:00,5203.86,382.48
2026-01-28 11:31:28.371906+00:00,5206.27,384.89
2026-01-28 12:01:31.400201+00:00,5205.7,384.32
2026-01-28 12:31:30.565585+00:00,5198.01,376.63
2026-01-28 13:01:38.157346+00:00,5201.18,378.74
2026-01-28 13:31:27.789548+00:00,5205.48,383.04
2026-01-28 14:01:28.705386+00:00,5206.99,384.55
2026-01-28 14:31:27.600763+00:00,5201.62,379.18
2026-01-28 15:01:31.453688+00:00,5203.74,381.3
2026-01-28 15:31:29.275825+00:00,5196.86,374.42
2026-01-28 16:01:28.816157+00:00,5193.95,371.51
2026-01-28 16:31:27.569204+00:00,5203.03,380.59
2026-01-28 17:01:27.636145+00:00,5197.76,375.32
2026-01-28 17:31:26.862161+00:00,5198.02,375.58
2026-01-28 18:01:36.173655+00:00,5198.06,375.62
2026-01-28 18:31:38.116792+00:00,5200.12,377.68
2026-01-28 19:01:33.436857+00:00,5202.56,380.12
2026-01-28 19:31:33.975191+00:00,5204.05,381.61
2026-01-28 20:01:30.603041+00:00,5199.17,376.73
2026-01-28 20:31:37.795303+00:00,5199.06,376.62
2026-01-28 21:01:27.982832+00:00,5197.81,375.37
2026-01-28 21:31:36.735938+00:00,5201.46,379.02
2026-01-28 22:01:34.384138+00:00,5195.87,373.43
2026-01-28 23:01:36.479663+00:00,5198.65,376.21
2026-01-28 23:31:27.380931+00:00,5195.28,372.84
2026-01-29 00:13:54.042545+00:00,5194.06,371.62
2026-01-29 02:31:48.056130+00:00,5194.44,372.0
2026-01-29 02:57:24.646598+00:00,5193.57,371.13
2026-01-29 05:33:14.654777+00:00,5195.73,373.29
2026-01-29 06:18:22.222142+00:00,5195.91,373.47
2026-01-29 07:01:06.505853+00:00,5195.74,373.3
2026-01-29 07:17:15.520786+00:00,5195.99,373.55
2026-01-29 07:45:30.962795+00:00,5198.55,376.11
2026-01-29 08:01:38.682309+00:00,5203.22,380.78
2026-01-29 09:01:37.447107+00:00,5213.58,391.14
2026-01-29 09:31:28.294200+00:00,5216.43,393.99
2026-01-29 10:01:34.584248+00:00,5214.38,391.94
2026-01-29 10:34:41.723445+00:00,5215.93,393.49
2026-01-29 11:04:55.353800+00:00,5210.03,387.59
2026-01-29 11:31:31.449548+00:00,5212.88,390.44
2026-01-29 12:01:36.743992+00:00,5218.29,395.85
2026-01-29 12:31:27.407811+00:00,5218.49,396.05
2026-01-29 13:01:36.434770+00:00,5213.03,390.59
2026-01-29 13:31:27.255411+00:00,5213.37,390.93
2026-01-29 14:01:32.715229+00:00,5221.44,399.0
2026-01-29 14:31:27.275055+00:00,5217.15,394.71
2026-01-29 15:01:40.313343+00:00,5171.2,348.76
2026-01-29 16:01:33.056621+00:00,5139.57,302.15
2026-01-29 16:31:32.437711+00:00,5153.56,316.14
2026-01-29 17:01:31.132074+00:00,5155.45,318.03
2026-01-29 17:31:27.385397+00:00,5153.61,316.19
2026-01-29 18:01:27.485033+00:00,5153.04,315.62
2026-01-29 18:31:31.085799+00:00,5153.08,315.66
2026-01-29 19:03:11.885275+00:00,5153.56,316.14
2026-01-29 19:44:04.273898+00:00,5154.03,316.61
2026-01-29 20:01:40.341325+00:00,5154.27,316.85
2026-01-29 20:31:28.616613+00:00,5152.57,315.15
2026-01-29 21:01:27.296326+00:00,5153.19,315.77
2026-01-29 21:31:30.314428+00:00,5153.54,316.12
2026-01-29 22:01:27.233643+00:00,5147.34,309.92
2026-01-29 22:31:32.176037+00:00,5151.79,314.37
2026-01-29 23:01:27.295458+00:00,5152.27,314.85
2026-01-29 23:31:27.118751+00:00,5151.94,314.52
2026-01-30 00:08:37.147307+00:00,5152.59,315.17
2026-01-30 00:31:27.358175+00:00,5157.23,319.81
2026-01-30 01:01:27.547826+00:00,5158.32,320.9
2026-01-30 01:31:27.382796+00:00,5157.53,320.11
2026-01-30 02:01:29.109618+00:00,5158.16,320.74
2026-01-30 02:31:30.284392+00:00,5156.85,319.43
2026-01-30 03:01:28.773607+00:00,5157.28,319.86
2026-01-30 03:31:27.841409+00:00,5157.47,320.05
2026-01-30 04:01:31.977467+00:00,5155.77,318.35
2026-01-30 04:31:27.156202+00:00,5155.08,317.66
2026-01-30 05:01:27.266304+00:00,5154.41,316.99
2026-01-30 05:31:27.800890+00:00,5154.67,317.25
2026-01-30 06:01:27.499397+00:00,5154.66,317.24
2026-01-30 06:31:27.824055+00:00,5154.75,317.33
2026-01-30 07:01:27.226395+00:00,5155.41,317.99
2026-01-30 07:31:31.380824+00:00,5153.42,316.0
2026-01-30 08:01:27.573178+00:00,5153.19,315.77
2026-01-30 08:31:27.926700+00:00,5143.63,306.21
2026-01-30 09:01:27.017894+00:00,5146.31,308.89
2026-01-30 09:31:27.344986+00:00,5134.72,297.3
2026-01-30 10:01:29.832813+00:00,5147.19,294.79
2026-01-30 10:31:27.414102+00:00,5149.44,297.04
2026-01-30 11:01:27.767361+00:00,5155.32,302.92
2026-01-30 11:31:31.312274+00:00,5162.55,310.15
2026-01-30 12:01:36.026417+00:00,5173.28,320.88
2026-01-30 12:31:30.289351+00:00,5179.16,321.77
2026-01-30 13:01:29.944409+00:00,5176.4,319.01
2026-01-30 13:31:27.689064+00:00,5171.75,314.36
2026-01-30 14:01:27.374115+00:00,5171.03,313.64
2026-01-30 14:31:27.111657+00:00,5178.21,320.82
2026-01-30 15:01:27.178554+00:00,5176.97,319.58
2026-01-30 15:31:30.974024+00:00,5177.25,319.86
2026-01-30 16:01:27.257479+00:00,5176.68,319.29
2026-01-30 16:31:27.626543+00:00,5166.23,308.84
2026-01-30 17:01:27.050190+00:00,5165.78,308.39
2026-01-30 17:31:27.257129+00:00,5164.71,307.32
2026-01-30 18:01:27.867879+00:00,5165.75,308.36
2026-01-30 18:31:27.148779+00:00,5165.52,308.13
2026-01-30 19:01:45.746278+00:00,5165.47,308.08
2026-01-30 19:31:37.940229+00:00,5165.7,308.31
2026-01-30 20:01:28.512763+00:00,5165.08,307.69
2026-01-30 20:31:33.159877+00:00,5166.49,309.1
2026-01-30 21:48:57.678865+00:00,5167.81,310.42
2026-01-30 21:53:11.543446+00:00,5167.51,310.12
2026-01-30 21:59:11.027231+00:00,5167.24,309.85
2026-01-30 22:02:31.241189+00:00,5167.08,309.69
2026-02-02 12:03:12.815108+00:00,5107.24,249.85
2026-02-02 12:16:24.858349+00:00,5115.29,257.9
2026-02-02 12:36:47.715614+00:00,5122.24,264.85
2026-02-02 12:56:22.335163+00:00,5123.92,266.53
2026-02-02 13:16:23.234225+00:00,5122.04,264.65
2026-02-02 13:36:23.227037+00:00,5119.41,262.02
2026-02-02 13:56:42.302329+00:00,5130.13,272.74
2026-02-02 14:16:25.854397+00:00,5136.17,278.78
2026-02-02 14:36:33.591701+00:00,5149.44,292.05
2026-02-02 15:56:29.274120+00:00,5169.77,312.38
2026-02-02 16:16:32.479648+00:00,5173.69,316.3
2026-02-02 16:36:37.696220+00:00,5174.49,317.1
2026-02-02 16:56:24.866760+00:00,5174.25,316.86
2026-02-02 17:24:02.441375+00:00,5175.93,318.54
2026-02-02 17:39:45.268055+00:00,5177.56,320.17
2026-02-02 19:04:41.128046+00:00,5182.76,325.37
2026-02-02 19:20:25.252888+00:00,5182.23,324.84
2026-02-02 21:16:29.546659+00:00,5182.56,325.17
2026-02-02 21:36:32.573877+00:00,5182.54,325.15
2026-02-02 21:56:30.808649+00:00,5182.76,325.37
2026-02-03 00:57:39.902736+00:00,5181.86,324.47
2026-02-03 01:17:39.983389+00:00,5181.56,324.17
2026-02-03 01:36:25.575904+00:00,5181.17,323.78
2026-02-03 05:16:24.567977+00:00,5183.46,326.07
2026-02-03 05:36:22.982943+00:00,5183.13,325.74
2026-02-03 05:56:25.588013+00:00,5184.31,326.92
2026-02-03 06:16:28.290168+00:00,5183.8,326.41
2026-02-03 06:36:28.489083+00:00,5183.58,326.19
2026-02-03 06:56:22.684991+00:00,5182.84,325.45
2026-02-03 07:16:30.289627+00:00,5181.23,323.84
2026-02-03 07:36:28.886291+00:00,5182.5,325.11
2026-02-03 07:56:23.936568+00:00,5183.18,325.79
2026-02-03 08:27:10.224104+00:00,5219.06,361.67
2026-02-03 08:36:34.474061+00:00,5217.3,359.91
2026-02-03 08:56:36.950294+00:00,5209.74,352.35
2026-02-03 09:16:38.379725+00:00,5208.93,351.54
2026-02-03 09:36:50.854980+00:00,5206.14,348.75
2026-02-03 09:56:32.856823+00:00,5207.52,350.13
2026-02-03 10:31:12.997664+00:00,5211.09,353.7
2026-02-03 10:56:27.456405+00:00,5209.05,351.66
2026-02-03 11:16:33.731068+00:00,5205.9,348.51
2026-02-03 11:39:27.441972+00:00,5202.68,345.29
2026-02-03 14:42:32.622289+00:00,5190.21,332.82
2026-02-03 16:54:18.489688+00:00,5225.18,297.88
2026-02-03 18:08:32.700772+00:00,5223.13,295.83
2026-02-03 21:35:39.791723+00:00,5222.6,295.3
2026-02-03 22:35:16.170037+00:00,5223.51,296.21
2026-02-03 23:35:14.732825+00:00,5224.63,297.33
2026-02-04 00:35:16.385559+00:00,5225.25,297.95
2026-02-04 01:35:23.626869+00:00,5224.55,297.25
2026-02-04 02:35:14.601388+00:00,5223.68,296.38
2026-02-04 03:35:14.005770+00:00,5223.24,295.94
2026-02-04 04:35:13.737231+00:00,5223.21,295.91
2026-02-04 05:35:17.848797+00:00,5223.32,296.02
2026-02-04 06:35:18.637152+00:00,5224.1,296.8
2026-02-04 07:35:17.734060+00:00,5224.59,297.29
2026-02-04 10:30:19.866708+00:00,5234.57,306.95
2026-02-04 10:46:31.527097+00:00,5235.85,308.23
